reviewId,content,score,at
2406f05d-a776-4e3b-8e71-214eb84975a5,Prélèvement Uber one de 5.99 alors que je n'y ai pas souscrit.,1,2025-10-08 05:26:12
4b7be9b1-206b-4582-a058-3a4e40422429,"Je commande à 12h34, j'annule à 12h36, et ils osent me facturer. Quel honte, j'ai désinstallé l'appli. Terminé Uber Eat",1,2025-10-07 22:49:02
8ad16b23-ddca-45ce-8370-b731b80cbd1c,"j'ai effectué une commande, le livreur n'a pas voulu nous livrer et nous fais payer les frais complet.",1,2025-10-07 22:11:33
5f103652-2563-4959-a716-ed4066703f29,service client pitoyable,1,2025-10-07 22:11:21
cbd06112-550d-4713-ba4c-68193b32ed0f,"la commande d'avant impossible de contacter, car un article et le plus cher oublié ou volé.",2,2025-10-07 21:45:50
46832915-8535-414f-a169-b02beeba55fc,every day worse than yesterday,1,2025-10-07 21:32:30
d7a7bc5e-3d4a-4a6f-baaf-2145350ac49d,tres excellent 👍,5,2025-10-07 21:16:34
8331edcc-16b8-41bf-87e0-678988227df3,"Je suis assez surpris que des frais cachés apparaissent uniquement au moment du paiement. Alors premièrement ce n'est pas légal puisque le prix initialement affiché doit être TTC et transparent, et deuxièmement on a vraiment l'impression d'être pris pour des pigeons lorsque ces frais s'ajoutent lorsque l'on est au pied du mur ...",1,2025-10-07 21:09:31
c7205058-a430-4d90-9d31-f65dfc1c96c9,trop cher,1,2025-10-07 20:59:41
c309bdbe-3dcd-4996-a445-d926342e6b55,J'ai reçu une mauvaise commande un plat de quelqu un d'autre au lieu de 2 plats que j'ai payé le livreur ne comprend pas quand je lui parle et le restaurant ne veut pas décrocher Tasty crousti à Nanterre et malgré les relances sur ubereat je n'ai n'aurai aucun remboursement c'était pour me faire plaisir au final j'ai perdu de l'argent pour rien je ne comprends pas qu'une plate-forme comme celle-ci est aussi mal faite et ne réponds pas au attente du client,1,2025-10-07 20:55:09
7421b950-5024-4403-96c4-0da5a205b48a,"pas de service client, un livreur du nom de Jason, avait déjà effectué une commande et ça c'était très mal passé, il a commencé par noté le nom de ma femme avant de lui demander son numéro de téléphone (quel a refusé) avant de noter le code pour finir avec un coup de coude dans le ventre (enceinte a se moment là) et maintenant cette personne arrive à faire une course de 20 min et nous livrer en 5 min sans qu'on ai reçu la commande, quand je l'appelle il me dit signale moi et tu es mort",1,2025-10-07 20:25:41
e690c5cf-c34b-40de-9237-198e00cefe44,très compliqué pour payer,2,2025-10-07 20:06:59
20bc5129-6b91-4b42-a749-a539050f4488,trop cher mais pratique,4,2025-10-07 19:21:29
a4bc1fb9-b18a-482d-86e7-06392e662421,Dommage y a pas de 0 étoiles bande de criminels,1,2025-10-07 19:21:16
0aa7045f-b97b-430d-b02a-ea7d9746492f,très bien,5,2025-10-07 19:14:36
4d442dd8-f394-46c2-915b-a2c26a5016b6,du lourd,5,2025-10-07 19:03:33
fd28ca9f-34ab-4b22-a5fd-a769802b782a,cool,5,2025-10-07 17:46:46
8ede4d3f-27d5-4339-9898-e259cb56579a,Woooohhhhhh troppp bien Ubertina :),5,2025-10-07 17:30:40
110ca761-1005-4eca-8b57-986f9e1c923e,frauduleux,1,2025-10-07 16:55:37
aa4b6b22-13d7-4b9d-b243-12a8513b9cbc,"C'est une HONTE pour cette application. comment ça je veux commander un menu et puis on me dit ""non on peut pas vous livrer vous êtes trop loin"" LE BUT DE L'APPLI C'EST QUOI",1,2025-10-07 13:27:36
4c1cceed-3e71-418c-a455-d59398ce6f8d,Ayant passé commande plusieurs fois je n'ai rencontré aucun problème à chaque livraison.,4,2025-10-07 12:00:55
d441e353-82a9-4c1c-bc59-171998d990ca,vitre appareil ne marche pas,2,2025-10-06 23:58:54
0377db3d-4583-46f1-a26a-607aec1c2e9a,une calamité et je vois que je ne suis pas la seule a essuyer les calamités de cettz plateforme au combien escroc et en bande organisée avec les livreurs...je n'ai jamais reçu ma commande car le livreur a refusé de monter me livrer chez moi mais la cerise sur le gâteau est le service client inexistant qui te dit par bot que tu ne seras pas remboursé.. allé hop application désinstallee !c'est une honte !,1,2025-10-06 22:50:00
d0754167-954c-4a9b-be20-69c305350b82,C est les meilleurs je commande tout le temps chez eux😍😍😍😍😍😍😍😍,5,2025-10-06 22:15:20
d6d3ee91-3b02-4355-ae17-a2062294afe5,ça fait depuis que j'attends ma commande il vient toujours pas 😡,1,2025-10-06 21:13:07
8fa90d3b-e89a-41e5-81b8-32940826fd77,vous demandez 3 croissants et vous vous retrouvez avec 3 paquets de 8 croissant pasquier sous plastique dégueulasses donc de 3 bons croissants je me retrouve avec 24 croissants soyez intelligent un petit peu quand vous substituer les produits y a une différence entre 3 croissants et les remplacer par 3x8 croissants,1,2025-10-06 20:46:48
b770595f-46fb-4420-8501-9e8045a213ee,Le forcing à uber one est abusif! Tu peux pas passé une commande sans qu'ils ne te forcent à prendre l'abonnement et quand malheureusement je clique par inadvertance ma commande était plus chère sans raison ! Et après pour en résilié l'abonnement tu dois cliquer presque mille deux fois... C'est effarant comment c'est si simple de te piégé dedans et si difficile d'en sortir !,1,2025-10-06 19:35:32
00256d01-3fe9-41f8-b2d0-de653adb0b66,j'ai jamais reçu ma commande et j'ai été remboursée que de la moitié c'est des escroc,1,2025-10-06 19:26:41
6ee18cad-97d1-4617-b89a-aaa7463a1dc5,"Frais de service délirant et aléatoire sans aucune logique. Au début les commandes étaient 30 a 40% plus cher (avec le tarif augmenté, frais de livraison, frais de service) Aujourd'hui c'est en moyenne 70 a 90% plus cher qu'au restaurant directement. La différence est devenue trop importante. D'un plat à 11.90 au restaurant j'en ai maintenant pour plus de 23€. Plus aucun intérêt. dernier commande finalement annulée au panier, plat à 15.90 (au lieu de 11.9 = +4€) et encore 5.32 € de frais...",1,2025-10-06 19:18:59
89ef78c0-2665-41da-87ef-3c9007d96a2e,très bien,5,2025-10-06 18:04:39
768895f4-fdf2-4ac8-8e7d-ea6909d77e1e,omg il a des jean il dise n importe quoi moi j ai commandé et j ai ressu en 10 min et les personnes qui aporte les commandes son vraiment gentil,5,2025-10-06 16:58:19
aaca5587-ff8c-4ca9-b846-1e298f5bf3c1,manque des produits,1,2025-10-06 15:41:36
f60f87c1-05db-4e53-b2e0-91fce07b6567,rapide et excellent,5,2025-10-06 13:00:26
0a802978-7ccd-4279-9415-858e5ace09d2,Énorme beug,1,2025-10-06 12:20:57
134e9d60-8bdd-4941-a1a1-eb769cc993d7,"Attention si vous avez plusieurs erreurs commises par les livreurs ou les restaurants sur vos commandes on ne vous rembourse pas ces erreurs, quel plaisir de payer 10 tenders et d'en recevoir 5 sans remboursement ni geste commercial. A éviter !",1,2025-10-06 00:04:53
372c6797-22ed-4c57-8e7b-ac2faf5c693c,"impossible de passer une commande, j'ai plusieurs ami et moi qui avons essayer. c'est impossible, quelque soit le numéro il n'envoie pas le code de vérification pour finir la validation et en plus font payer.",1,2025-10-05 22:28:32
39fbb75b-aba4-4e0c-93dc-84391212d147,trop cher,1,2025-10-05 21:28:29
fb0ea0e9-04bb-4add-8f51-3fa76cbe7b9e,Grosse blague les frais de services. La même chose que les frais de ménages airbnb.,1,2025-10-05 20:22:41
1fe24c62-c935-4b0b-829e-55c3123ceb7b,parfait,5,2025-10-05 20:19:59
ab54d20b-525b-4db6-9e24-3814e8db3bf0,épatant,5,2025-10-05 20:14:18
9c4c8ba9-cbaf-4a77-b63a-934a2746a4b8,franchement pratique cette application !,4,2025-10-05 20:13:56
167253ce-54f7-4f4d-8391-0f92c4f162f0,surprenant de l'excellence dans la simplicité bref excellentissime,5,2025-10-05 20:12:05
f72eeea1-61c2-4206-afd7-f494b5b5a73b,Nul à chié plus jamais je passe par eux impossible de trouvé un livreur...,1,2025-10-05 20:03:16
53c84c32-91d3-4127-87b4-32f02331efff,👌,5,2025-10-05 19:45:43
1cfa8769-9be5-4713-a1ad-c602d44baaa1,"toujours un souci ! vendeur, livreur, commande, prix, mode de paiement, délais...",1,2025-10-05 19:26:31
db73ae84-9516-405b-b7d8-b15b07cbe48b,les frais de livraison ne sont pas indiqué avant,4,2025-10-05 19:10:36
719af898-86ef-4eea-9fe4-4f37232ebc0a,"y'a des clients ils sorts pas pour récupérer leurs commandes devant le livreur et après comme livreur il met fin à livraison et il dépose la commande devant la porte indiqué par uber ils sortent et ils récupères leurs commandes et ils faits un signalement comme quoi ils ont pas eux leurs commandes pour uber il fait un remboursement, franchement je pose la question esq y'a des gens je ne généralise pas en 2025 qu'ils vols la nourriture",5,2025-10-05 18:49:07
f1b0b2cf-6945-4c28-9999-af47e4fbec2b,"Pratique et service impeccable. mais je suis déçu du prix de la livraison, j'ai commandé dans un restaurant où noté livraison gratuite à partir d'un certain montant et le montant est largement dépassé et il me facture 3.49€ de livraison. se n'est pas normal",2,2025-10-05 18:46:22
ff362f01-2796-419f-8822-be39e3e4460c,"Arnaqueur vous faisant payer leurs annulations et refusant toute remise en cours et aucun remboursement, à fuir autant que possible quand vous pouvez faire autrement ou depuis une compagnie adverse.",1,2025-10-05 16:22:33
740df968-6a67-4ce8-9dc9-2944c6b55f39,je l'est utilisé et a chaque fois on m'a piraté tien tien tien bizarre...,1,2025-10-05 16:08:04
5a186040-23cb-4082-8ee1-a3f3bef3db83,Des voleurs ! 2 commande passé avec des promotions de 1 acheté 1 offert qui est bien mentionné dans l'étiquette collée mais il n'y en a que 1 à l'intérieur ! Le plus fou c'est que Uber ne cherche pas à comprendre et laisse faire ! Le service client est ZERO ! LES PROMOTIONS SONT MENSONGE !,1,2025-10-05 15:52:48
46e363b7-95c2-4792-9d45-8039921335a3,moi je n'ai pas beaucoup d'expérience,5,2025-10-05 14:36:22
0ed2eca1-c6df-40f4-87d4-0d567a3197c0,"Catastrophique. Plusieurs paiements qui échouent (habituel malheureusement), et nouveauté cette fois ci : j'ai ajouté une nouvelle carte bleue car l'ancienne avait expiré, mais l'application selectionnait à chaque fois par défaut l'ancienne carte, alors que je selectionnais la nouvelle. 30 minutes pour commander. Affligeant",1,2025-10-05 12:51:22
22ee8085-b900-423c-b613-f82f2034c6e7,un gros zéro,1,2025-10-05 12:23:33
e6f002de-511f-4992-9faa-ce9773e2b0e5,hier j'ai passé une commande elle n'est jamais arrivé bien sûr débité impossible de les avoir par n'importe quel moyen ce n'est pas sérieux,1,2025-10-05 12:16:38
55134859-5598-414e-9b31-9083364b8fcd,toujours satisfaite,5,2025-10-05 12:12:46
502400ae-b492-41ae-8e64-4ecbe48ab206,ça reste une bonne application pour commander mais les frais sont trop élever et quand on veux essayer gratuitement uber one pendant 14 jours ça nous préleve quand même de l'argent sur notre compte aucun moyen d'annuler le payement franchement horrible,1,2025-10-05 10:14:48
f45a005f-59b4-4858-b66f-887da7c17af9,"J'ai mis une étoile mais car pas le choix ! J'ai commandé un repas que je n'ai jamais reçu, service client qui me dit qu'il ne font pas de remboursement car le livreur a respecté la politique de l'entreprise alors que je n'ai reçu aucun appel de sa part donc je trouve cela abusé de faire payé des clients qui n'ont rien consommé ! Application et entreprise à fuir !!!",1,2025-10-05 09:20:42
b6416a3e-6317-4c4d-9d83-aa4980b536f5,j'ai commandé 2 pizza à 37 euro je me suis retrouvé à payer 50 euro impossible de les joindre au téléphone je suis scandalisé .,1,2025-10-05 09:05:59
d55161e3-b4be-4d24-a83d-f2623a739256,Super,5,2025-10-05 01:43:26
976fee6d-c35b-4f67-b60a-d004593fb493,"Des voleurs à fuir absolument d'une rare malhonnêté. Leur livreur est reparti avec notre commande qu'il avait saccagée et renversée, nous avons refusé la commande et cela a été indiqué comme livré par le livreur. Uber refuse de nous rembourser et de nous indiquer l'identité de leur livreur pour déposer une main courante. Ça a toujours été un service borderline mais là, à part les fuir, pire service existant jamais vu.",1,2025-10-04 22:25:50
b99c3e4b-9aac-40a6-a2e6-97ee80498aa2,Impossible de faire une première commande sur l'application sans avoir accepté l'essai gratuit de 4 semaines,1,2025-10-04 21:35:48
1a695b2d-9dfc-4984-90a2-1e5d0a7bfab4,commande passer manque deux produits sur 6 et l'aide me dit simplement nous ne remboursons pas. c'est clairement abusé vu les tarifs et les frais.,1,2025-10-04 21:09:55
a8bb07ba-ab21-4d9b-9919-6831fd6ef900,il faut arrêter les livraisons multiples. plus d'une heure d'attente. les repas arrivent froids.,1,2025-10-04 20:52:15
31638d32-ec9d-4e6b-acd8-455e73b92ac2,uber eat one qui ne sert a rien 6€ de livraison et 4€ de frais....,1,2025-10-04 20:21:20
35c16ac3-1b0b-4c67-a39a-8aa953018353,Paiement plus élevé que le montant affiché. Arnaque !,1,2025-10-04 20:05:55
6e4a34d2-4b71-45cc-a620-4a425c6baa2a,super rapide,5,2025-10-04 18:51:48
6d52c4b5-8346-4265-9ad2-f51994176290,Frais trop cher,1,2025-10-04 17:29:10
21192e10-bab5-4ed0-98a9-c95a07ee73bb,"J'avais desinstallé l'appli il y a quelques années après une mauvaise expérience avec le service, 3 commandes, 3 problème et au 3eme le sav dit que c'est ma faute. J'ai réinstaller cette semaine pour réessayer, c'est insupportable l'appli m'a proposé au moins 4 fois de prendre l'abonnement, si je dit non une fois je vais pas dire oui 1 minutes après. Et tout aussi insupportable, au moment de valider la commande j'ai eu 3 écran me demandant si je voulais pas tel ou tel produit en plus.",1,2025-10-04 16:12:49
a96bc495-45e1-479c-bf68-32346011ec26,"Aujourd'hui même, j'ai appelé le service clients pour faire une réclamation au sujet d'un vol dans ma commande et on me raccroche au nez en transférant l'appel vers le restaurant où j'ai commandé, alors que le resto n'y est pour rien. Plus jamais je ne commanderais chez Uber Eats. 😡",1,2025-10-04 14:35:05
cc17a697-963a-4156-840b-10f5f252c326,une erreur d'adresse qui a été réalisée en moins de 10 secondes il était impossible de changer l'adresse. La commande à été simplement annulée et j'ai reçu des frais. J'ai demandé de l'aide a deux agents et ceux-ci n'ont été complètement d'aucune aide il ont ignoré ma situation.,1,2025-10-04 13:26:04
b7678e83-8e56-4f2a-aabd-81c43735e668,je viens de commander über eat les livreurs ne font pas attention je viens de retrouver ma pizza complètement écrasé et froide du coup je mange que de la pâte et bien évidemment je ne serai jamais remboursé,1,2025-10-04 13:01:25
4001f597-3abe-4f17-b089-35052eb4eeca,"Je vous mets 1 tellement vous me saoulez avec votre uber one, vous forcez trop. Même sur une commande on ne voit plus le montant total car vous y mettez un encart pour nous forcer a prendre votre abonnement, et même si l'abonnement est interressant pour les frais de livraison, vous vous rattrapez sur les frais de service qui eux augmentent .. Donc terminé je vous boycott...",1,2025-10-04 12:58:06
1031ef73-d96e-4bc3-8082-329c27d63146,Je me suis créer un compte sur le site internet de Uber eats mais une fois sur l'application mobile je ne peux pas m'y connecter car sois disant mon compte est bloqué. Donc je n'ai même pas pû commander. Voilà ma seule expérience avec Uber et je pense que tout ceux qui veulent commander sans aucun problème feraient mieux d'utiliser deliveroo. Et dommage que l'ont ne puissent as mettre 0 étoiles.,1,2025-10-04 12:01:24
fabe5955-ef25-4ce7-b0ff-b8bb32f17c63,Trop d'arnaque via leurs livreur en plus des prix doublé sur des articles qui valent bien moins chère. De nombreuse arnaque. Ne respecte pas les personnes handicapés.....discrimination sur les clients majoritaire. 0 remboursement. 0 dédommagement. Une plainte devant la justice est une obligation.,1,2025-10-04 10:18:52
189064ba-5ef8-49b3-a97e-5d3432a7f44e,"Je n'arrive pas à comprendre pourquoi quand j'ai reçu une commande erronée, qu'on ne me rembourse que le menu Je n'ai pas mangé hier soir mais je dois quand même payer le livreur ? plus jamais, j'ai peur de devoir jeter 5 euros par les fenêtres pour crever de faim",2,2025-10-04 08:51:55
77d745ad-a4d1-47f7-bd6f-97a309357900,"SAV minable, repas livré froid et en retard, remboursement de moins de 2 euros sur une commande de 20 euros, et sur le wallet même pas sur le moyen de paiement d’origine. Aucune communication, que des robots. A fuir !!!",1,2025-10-04 07:07:58
b4a31f72-1fe3-436b-9902-3743ec58a7ac,"Uber Eats a canceller mon abonnement à Uber One sans mon consentement et a refusé de me rembourser. c'est extrêmement difficile de communiquer avec les représentants, aucun d'eux ne fait de suivi des conversations précédentes et c'est toujours à recommencer. Ils finissent toujours par t'avoir a l'usure.",3,2025-10-03 23:35:30
27aef96d-08fd-4b11-a468-9b24b50506d2,"plusieurs erreurs de commande , des commandes ""dites livrés"" mais jamais rien reçu au domicile",1,2025-10-03 22:43:09
1199aa19-4cdb-4240-b432-f50df82b43af,"commande à plus de 80CHF, jamais arrivée, on appelle le livreur qui comprend rien, zero sur toute la ligne,et le service uber... personne ne repond je n'ai jamais été remboursé. Plus JAMAIS. Prenez juste eat, qualité et jamais déçu! a jamais uber de mes deux",1,2025-10-03 21:51:51
65a93c21-7830-427a-b307-bb398862a0f0,un peu mieux parce que au bout de 5 ans d utilisation j'ai enfin eu une promo,4,2025-10-03 21:46:04
b00c30d4-a116-42b3-9dc4-8b52b96d5e65,"le livreur se trompe d'adresse, dis que c'est ma faute et en plus il se permet de me raccrocher au nez. Enfin de compte 1 heure de retard pour une commande que je n'ai toujours pas.",1,2025-10-03 21:15:13
1cafb31e-bd41-4db3-8521-00e6bf0bf668,facile d'accès mais frais de livraison légèrement élever comparer à ce que touche un coursier par course,5,2025-10-03 21:12:19
012d543a-7253-4618-ae12-17c074ed958f,ma cantine tout les jours,5,2025-10-03 21:11:09
850d7081-9b6d-4023-ad85-831522900466,mauvaise expérience commande non livrée et ils m'ont pas remboursé,1,2025-10-03 20:59:23
76722719-6058-4727-8181-546945f43921,"j'ai commander aujourd'hui sur votre site a burger King Chaumont 52000 a mon nom payer 32,71€ reçu endommagé manquant j'ai demander au livreur de recommencer la commande il la abandonné mais je suis prélever très déçu ne pas commander en Uber eats !!!!!!!",1,2025-10-03 20:50:57
f24d24ef-74c2-4a85-8856-21b252f61b5c,affreux toujours des problèmes de livraison et en plus tu paye pour ne pas avoir de frais et tu retrouve a payer des frais je ́ne recommande sur pas cette application attention a vous,1,2025-10-03 20:10:26
429960be-9573-4f90-b13b-70f62b4110c8,l'appli beugue et lente,3,2025-10-03 20:09:55
f0b23a80-0b80-4021-bd4e-f87913b828d5,long,1,2025-10-03 20:08:06
49d171a0-de7c-4903-ae09-511421473b00,"Uber cancel my delivery, took my food. uber ""cancelled"" my order but charged me 3 as I was responsible for this. no possible way to contact them.",1,2025-10-03 19:19:11
ae7a2c21-4676-40f5-ba2e-3df2a0fff061,"pas de resultion de mon problème. argent débité, commande jamais livré alors que l application dit le contraire. donc pas moyen de se faire rembourser pour une commande jamais recu. c est vraiment prendre les gens pour des cons. du coup me retrouve sans rien pour ma famille ! !",1,2025-10-03 18:32:48
902683f3-d69b-4661-8397-3a14ceabdf92,"aller chez la concurrence, le service après-vente ne suit plus, malheureusement !",1,2025-10-03 18:32:34
65bf6de8-445b-4d7c-81d4-0bd0e16b6586,"tout est parfait sauf les frais, merci",4,2025-10-03 14:26:43
764879d9-0191-4f20-95b6-79db1c9f5efb,le livreur est repartit avec ma commande pour se la dégommer et maintient qu'il l'a laissé devant la porte. Les caméras de surveillance de la résidence prouvent le contraire. La plateforme soutient qu'il a suivi la procédure. Ils appliquent des process honteux et n'ont aucun respect pour les clients et les restaurants. A fuir et a boycotter.,1,2025-10-03 09:29:48
ff46cfaf-87fb-43c2-a663-58e2ce02330d,parfait,5,2025-10-03 00:46:58
0aaeedfc-4624-44af-83a3-d35c5eed9e7b,une pension positive pour le livreur,5,2025-10-02 23:09:37
cf1a2208-0bac-4e71-a2c3-f597f6963f34,impossible de valider un numéro de la Réunion..,2,2025-10-02 20:22:45
e1e9899f-5bd0-4c82-93c1-ca01e30da2c1,"le système de paiement est très fragile, il marche moins d'une fois sur 4. c'est très frustrant",1,2025-10-02 20:14:22
4bf7acfc-05f6-40ce-bcf9-7b63c90f88ba,déjà quelques temps que les commandes n'arrivent même pas à la maison,1,2025-10-02 20:01:46
2a037f9c-4a26-4be9-8c9f-f024e1ecaeb2,"Cela fait plusieurs mois que je commande à différents établissements à moins de 10km autour de chez moi et du jour au lendemain , c'est écrit que tout les établissements sont trop loin pour être livré alors que j'ai déjà fait plusieurs commandes chez eux auparavant. INCOMPRÉHENSIBLE.",1,2025-10-02 19:14:53
f971e583-6583-479e-849d-8c91e18eca33,ça dépend c'est correct puis tu es déçu à la finalité,3,2025-10-02 18:49:38
d750e984-5dae-41cc-898a-8fbdb8f97a32,My order was stolen and the company said they are not responsible,1,2025-10-02 14:54:30
fd8663be-e9fd-4ad4-af9d-8c494deed133,vraiment nulle j'ai effectué plusieurs certicode qui a été validé mes la commande ne passer pas mais pour insister d'avoir un abonnement pour plus payer des frais la blague prend les gens pour des cons merci ça m'a donné l'envie de ne pas commander chez Uber et de faire mes courses seule quelle plaisir d'avant et surtout mon cher que Uber illusion,1,2025-10-02 14:42:51
ba87eda8-64f5-455b-a183-45c708f7dede,"Je ne reçois jamais de courriel promotionnel, mais ma blonde oui",1,2025-10-02 01:52:54
eca1a378-a4fc-4b1c-91d5-ea47704fc630,"livraison jamais arrivée ! aucune réponse du pourquoi du comment sur l'application. 3 livreurs pour une même livraison.... le seul livreur qu'on arrive à avoir au téléphone ne parle pas français ! utilisez deliveroo, ils sont bien meilleurs !",1,2025-10-01 23:30:21
e470a1c8-f708-4c3e-a61b-084fa835f91e,Numéro de service client pas joignable,1,2025-10-01 22:15:13
ff141c53-2773-44c9-bc0a-8606dfdf4105,Quand on fait un achat avec une offre 1 acheté 1 offert on s'attend à recevoir deux plats. C'est un peu le principe...,2,2025-10-01 21:47:23
f9520966-a4b4-4046-98b3-21dec246470c,full arnaque n’acheter surtout pas !! j’ai payer 21 euro gratuitement sans commande et apres je fais remboursé et il me dise que c’est trop tard ? que de l’arnaque et la je rêvais sur l’application il me demande de payer 48 euro encore gratuitement ? il me force a payer avant de re commander ARNAQUE!!!!!!,1,2025-10-01 21:30:11
b25e0693-fcb8-420a-a58c-6930da4a292a,très pratique,5,2025-10-01 21:07:26
dc3782e1-2d03-42de-83a1-29047cae029e,trop de gymnastique,2,2025-10-01 19:43:23
7baa7289-2271-4125-9510-675c4988d80f,"j'habite à moins de 8 km de chaque lieux de livraison et pourtant j'ai été sortie de la zone. vos livreurs sont feignants. Vous avez indiqué livré dans la zone Castres/Labruguiere, c'est manifestement un mensonge...",1,2025-10-01 19:30:56
29164043-fa74-41b2-8992-b2625354c77f,parfait,5,2025-10-01 19:28:55
d593b6d5-f9a1-489e-a5c3-926d9865370d,j'ai passé une commande malheureusement je me suis fait voler ma commande par le livreur et le pire Uber aucune réponse de leur part et ils ont prélevé l'argent 😞 déçu,1,2025-10-01 19:14:19
8e2498e8-69fc-4308-bf42-a2461327506d,"livraisons froides , des fois aucun livreur les commandes n’arrivent pas ... aucun service client , aucun remboursement une honte !!! a fuir",1,2025-10-01 17:54:45
8908cff9-a15c-4685-b485-c4e22cb79cf0,très déçu du service en ce moment vraiment très déçu,1,2025-10-01 17:34:18
f1fb08df-ad78-415c-9365-0b6a4eac4ee3,"Première commande sur Uber Eats, résultat : plus d’1h de retard alors que j’ai payé pour une livraison express. Uber Eat m’a indiqué 3 horaires différents pour au finalement arriver 70 minutes plus tard de ce qui était initialement prévu.",1,2025-10-01 15:13:36
0b1ba2a0-801c-4373-9c9b-4f704a5353ab,top,5,2025-10-01 14:04:15
450ab00b-7a98-4d2e-8377-ede2bbeb4c17,je comprends pas c est pour être livrer mais faut aller chercher donc où est l intérêt déçu,1,2025-10-01 13:17:31
cc3f250a-96c1-48b3-902f-330d925632ac,très bien,4,2025-10-01 11:54:13
fed972c5-e788-4aee-b5a4-0fad570dfa2c,"J'ai été inscrit sur uber one alors que je ne l'ai jamais fait, mise à part ça les livreurs ont été sympa.",2,2025-10-01 07:24:47
5c933a05-2ac8-435c-904e-4251b8ac99e4,"Very bad experience. The only time I ordered because I am sick the delivery guy was changed, he never answered the message and never delivered Will not use the service",1,2025-10-01 00:18:22
bb6418b0-b0f9-4a1e-b61b-34395babd9fa,Nice,5,2025-09-30 21:08:15
34777a6a-7934-4df6-8ea1-1319649f8ab3,"ce sont des gens arnaquers qui dirigent l'application, au moment du paiement ils te disent que tu ne peux pas bénéficier de la promotion de 20 dollars (celle que j'ai gagné quand j'invite quelqu'un) malgré que avant le paiement elle s'affiche bien qu'elle est applicable. cela ne reflète que les mauvaises intentions et avec cette façon ils t'obligent à passer la commande et te créditer 20 dollars de plus.",1,2025-09-30 20:30:42
e8ca7fc7-2a71-4b8d-a212-74a6b0a10907,"Simple, varié, efficace. parfois cher mais avec de bonnes promotions c'est top",5,2025-09-30 20:07:55
dcf91509-c08d-4a6b-ad24-da0747d397e8,une galère il faut vraiment avoir envie de manger sans se déplacer,1,2025-09-30 19:57:06
82d5bbbb-cb22-408a-907d-ab741f80450b,"Alors c'est sur c'est bien lorsque l'on souhaite se faire livrer, encore faut-il se faire livrer... Livraison de la moitié de la commande. Commande à 120€ : 10€ de remboursement, il en manque pas un peu la ?! Quel diminution de la qualité de service... C'est devenu du n'importe quoi...",1,2025-09-30 19:24:19
942a046e-0a04-4344-9e87-e0ac17df7d92,merci a vous,5,2025-09-30 18:54:21
a2474309-e79a-4f73-82da-02603d971626,dark pattern pour l'abonnement,1,2025-09-30 18:42:03
178816ae-a11a-4319-9474-1d09e7726c43,Livraison rapide.,4,2025-09-30 18:18:01
8b94ab5a-a02a-4523-bb6e-d1bce818d7cf,très bonne application pour passer des commandes,5,2025-09-30 14:15:37
7984ae5b-692d-484f-afb6-b4538e2dec26,"la pire plateforme, j'ai serte choisi des produits de remplacement en cas de rupture, mais pas pour recevoir des produits complètement différent, application désinstallé",1,2025-09-30 13:05:16
956b9ca9-c982-47e8-9211-1719f432c29c,"2 commandes passées avec des promos qui ne fonctionnent pas, je ne recommande pas car très déçu du rapport qualité prix",1,2025-09-30 13:02:49
a4c0c5ea-6ff0-418b-8eb9-329a37647461,bien,5,2025-09-30 12:38:05
532f2b2a-4383-4031-84c6-4657cd7b09ce,"le service client a été juste, merci",5,2025-09-30 05:28:40
3a1873cf-69d9-4e3e-ab41-24724611ca12,super,5,2025-09-29 21:23:57
bebfefcc-6685-477e-89a9-2d9dc9ea7627,"Arnaque sur Uber One : impossible de se désabonner la veille du renouvellement. Vol organisé, c'est inadmissible!!!",1,2025-09-29 19:48:17
3f969a8f-b5f4-4b43-b60d-bcf9085207d7,À chaque fois qu'on passe commande sur ubereats soit il me manque à l'article ou à menu entier ou sinon ça arrive froid je trouve ça pas normal surtout quand ils ont oublier un menu pour mon enfant et du coup tu es obligé de refaire une deuxième commande dans la même soirée bref il est préférable d'aller manger sur place 1 / 10,1,2025-09-29 19:23:20
982652a6-012a-4beb-af79-6aefd4e9e08d,trop bien,4,2025-09-29 17:27:03
5131184f-295e-47b3-9bea-74280b017983,commander et 1h apres on dit commande anuler super meme pas un geste comercial,1,2025-09-29 17:19:32
e8efaaed-554c-436a-8e54-20b821f46778,"ils prélèvent pour un abonnement qu'on n'a pas accepté, et lorsquon le résilie, ils reprennent 2 mois plus tard comme si ln avait souscrit de nouveau.",1,2025-09-29 17:17:48
f5356262-e4f1-4222-a957-02ebe87d5b0a,"En un seul mot, horrible ! Vous paierez le prix d'un restau pour manger froid ou tiède (avec de la chance) des plats censés être chaud. À chaque fois, je me suis senti lésé. Bref à fuir.",1,2025-09-29 17:00:54
55cbf2e1-5170-4281-be30-5af5f4527a17,complice de génocide,1,2025-09-29 14:37:40
d4df009b-7956-47c1-bff2-38b40db067dd,dysfonctionnement de la carte dej très souvent.,1,2025-09-29 11:50:00
73795d61-9cdf-4ad3-9798-f8bbeddb5411,excellent je recommande,5,2025-09-29 11:43:16
ae232054-a74c-4387-a919-3294bae92e28,Ça fait 1mois que j'attend un remboursement ces abusez de plus il n'y a pas moyen de contacter le service client ces aberrant.une plainte a était déposé pour vole mes ca ne change rien je déconseille cette appli,1,2025-09-29 10:58:15
1c1ad70f-e9f5-4dbf-9b23-e2af9e4824cf,"quand on commande pour la première fois on nous dit qu'on a 10euro de ""bon uber eat"" mais en réalité rien, vous payer la totalité... genre un fausse promotion juste pour vous attirer",1,2025-09-29 07:23:12
10422e3e-ac55-4912-a3fa-042091a96a4e,"too expensive , not enough offers",1,2025-09-29 04:36:51
5c49d548-ee29-4f20-b13a-84d7c9cc6ea8,trop de beug trop de complexité inutile,1,2025-09-29 00:55:19
b46601af-7f9d-4458-b46f-e642d14e2f41,ils m'ont volé en tout 18€ avec leur abonnement uberone car ils ne font pas de demande de confirmation pour pouvoir s'abonner et en plus une fois que je me suis désabonné ils m'ont refait payer un autre mois 🤬🤬,1,2025-09-28 22:13:29
803e29c0-ee1a-46aa-ba93-e8e345337f36,"Franchement, Uber Eats c’est devenu du vol organisé. Ils embauchent uniquement des livreurs incompétents et le service client est catastrophique : incompréhensible, jamais à l’écoute et surtout ils refusent systématiquement les remboursements même quand les commandes arrivent endommagées. Très déçu, je ne recommande absolument pas.",1,2025-09-28 21:43:57
32b1c256-279d-4066-9838-e11bfad4c952,top quand on a la flemme mais trop cher !,5,2025-09-28 20:34:07
302944db-b001-421e-8770-fefaf5155e07,allez b z vos tantes appli de ra clu re de bidet,1,2025-09-28 20:21:44
8037c93d-6c0a-4631-b3a6-6f93e59693fe,je vous déteste,1,2025-09-28 20:11:01
6df7b25e-2c1b-4a97-a631-32edcae219cc,"des frais a n'en plus finir, un SAV qui se fout de ce que vous avez reçu J'invite les gens à fuir Uber Eats",2,2025-09-28 19:48:44
57836625-6521-4d0d-a0ae-3fd8a52408a6,l'application ne communique pas avec ma banque CCF,2,2025-09-28 19:15:29
ac085c82-13f6-4e96-9983-467e8c42965c,livraison rapide,5,2025-09-28 18:16:49
a183439f-52d2-4b86-8db6-d385c5885184,"Apparemment attendre une commande complète et en bon état c'est avoir une activité suspecte... uber au vue du prix que l'on paye la qualité du service n'est pas la, surtout celle du service client",1,2025-09-28 18:09:49
2c6d90d0-c465-49a5-9e21-d510dce38029,"promotion nouveau non applicable, évidemment seulement dit au moment du paiement !! à fuir, des escrocs",1,2025-09-28 18:05:38
28bd9327-0b38-40e6-b9ae-90812c199263,good,5,2025-09-28 16:10:32
4db3c248-b4c1-45a2-b9a3-e2f04a6aa3fb,"I removed my uber account after seeing its investment in an isr.a.eli company, we should all b-oyc.ott uber for its active participation in the ge-noc.ide",1,2025-09-28 13:54:18
886ab291-d7c1-41f5-b230-e7e1bfca3857,colis mis dans la movaise vill appli nulle,1,2025-09-28 13:50:36
bbf700b6-e7ea-4bf4-983d-55c5d9d99e1d,bug constant,1,2025-09-28 13:13:56
e5ea56c0-70e3-438f-9aea-4d2e5b127d62,rapide efficace,5,2025-09-28 11:50:32
e0f1bfa2-5b04-4a85-8717-31eb61a90bc6,nul de chez nul la majorité des livreurs sont des incapables .Désolée pour eux il suffirait peut-être de leur faire suivre des formations pour,1,2025-09-28 11:41:13
9d910b5b-1be0-4a1b-a3ac-0c6d7a54704a,"une arnaque, à fuir",1,2025-09-28 01:59:05
32d93695-9631-4b2d-a857-0a6def4a966f,good,5,2025-09-27 23:44:09
d4300a62-6dc8-46b9-9631-44d7ad188059,Dommage qu'on ne puisse pas noter les restaurants,1,2025-09-27 22:26:38
b8e21eda-de11-46dc-b822-b3e1c2edaf86,"le restaurant n'a plus rien, mais on paie 44€ de frais d'annulation ! inadmissible, Uber eat est une véritable arnaque !",1,2025-09-27 21:04:05
bb59d490-76ca-4768-b78c-82d92bde09cd,trop cher voleur !!!!,1,2025-09-27 20:59:35
4d2c7eb0-d302-4c60-8117-e35f8102ce18,abonnement non demande,1,2025-09-27 20:43:35
cb5fb7ab-1472-40c4-aa54-fb63abd61267,publicité mensongères,1,2025-09-27 20:35:17
ebace287-68d1-484d-9286-a06be1b2c491,super,5,2025-09-27 19:05:52
49e65840-2ae5-40de-902c-278506333666,"Première expérience utilisateur déplorable. Des retours arrières dans les écrans, des écrans non à jous, pousse et force à prendre l'abonnement. A la limite de la vente forcée. De plus les écrans de promo utilisent des templates non alimentés, on a donc du code qui s'affiche. cela ne donne aucune confiance sur le professionnalisme. c'est grandement inférieur comme expérience en comparaison avec à un concurrent comme deliveroo.",1,2025-09-27 19:03:16
211f7c0c-8dea-4e2f-bf1f-441e1188ece2,"Le coup du carrefour de Montigny lès Metz qui nous vend un ananas pourri et enlève la moitié des produits de la liste en augmentant le prix et en refusant le code promo, m'a bien refroidie. Je ne conseille pas cette application.",1,2025-09-27 17:12:01
4eac2231-e295-4621-979f-a63f2f8ddf56,frais trop elever,2,2025-09-27 17:06:07
e458bfb9-b0f9-449b-ba8d-3104f00309f6,Bleu,5,2025-09-27 13:49:28
9fa4e1db-7a06-4a4d-876f-7686bd2179b0,j'ai un compte uber one qui ne marche pas quand je change mon moyen de paiement en gros c'est une arnaque monumentale,1,2025-09-27 11:40:20
f3265c24-5548-4bdd-8bf6-3c1b463cfed6,"commande longue, assistance inexistant avec un chatbot qui se répète et qui nous aide pas",1,2025-09-27 10:04:27
03d9cf8a-a35e-4ee4-9e3c-b9a22f46d781,"Que se soit uber ou uber eat je suis déçu. Des courses réservés a l'avance qui ne viennent pas, impossible de contacter un service client inexistant cest embetant lorsqu'on attend un avion. Concernant la uber eat des restaurants sont ouvert tard propose une heure de livraison et vois livre avec plus de 2 h de retard sur l'horaire prévu. Évidemment uber eat m'arnaque en me proposant un remboursement partiel avant que la commande soit livré qui bloque tout remboursement en cas de futurs problèmes.",1,2025-09-27 10:01:36
3684930a-f1e5-4668-88b9-2430b15a5530,"Cette plateforme vole les clients! j'ai fait une commande de 300 € de course hier, j'ai reçu les deux tiers des articles. Il en manquait un tiers des articles soit au total 27 articles ! je contacte l'assistance, ils ne veulent pas me rembourser ce que je n'ai pas reçu, c'est inacceptable !",1,2025-09-27 09:27:44
f84d6966-c505-4417-b164-f068587e9f00,"une honte! je n'avais pas utilisé l'appli depuis plusieurs années, j'ai retenté et au final rien à changé! commande qui arrive très en retard et impossible à annuler sans être facturé. c'est aux clients de subir les conséquences des retards... jamais vu ça..",1,2025-09-26 21:23:11
33a5ae80-8f98-48b3-a6bc-893f3f2757e6,c'est ma première commande. le code promotion de parrainage n'a pas fonctionné !,1,2025-09-26 21:20:03
735c7bfb-cf18-46c8-a145-9ad9aa3f67b2,"Commande jamais livré, impossible de demander un remboursement Scandaleux ! Les aides ? juste un chat avec une IA sans aide. Inutiles au revoir uber",1,2025-09-26 21:11:46
f9dfeede-d02f-49ee-9dfc-7e0b08d7217b,compliqué cette app,1,2025-09-26 20:48:49
08efd007-79bf-4e2a-b16e-bfd9250985b3,Pratique mais À consommer avec modération,5,2025-09-26 20:42:46
68d8eeb6-9d5b-404a-a52c-88d226a598b0,"ce ## de livreur part avec ma commande et Uber eat ne me répond pas (ma mère l'a vue de la fenêtre du troisième). il appelle pas, je suis prête à descendre et le temps de il se barre de chien de la casse. résultats j'ai pas d'argent, pas de nourriture, bref, fuyez, l'assistance est à pleurer.",1,2025-09-26 20:33:12
cf35c0c1-ea22-4d49-b81f-ece3297b3b23,"Si vous aimez manger froid et payer cher c'est super. Appli très peu fiable : promotion mensongère toujours compensée au dernier moment par des frais mystère, abonnement souscrit à l'insu du client, livreur sous payé. Bref Beaucoup moins prise de tête et beaucoup plus rapide d'aller soi-même cherche à manger !",1,2025-09-26 20:27:44
ab33bfe5-2fdc-4d1b-b036-ce34d7314759,commande volé par le livreur,1,2025-09-26 20:14:13
d10773c6-8f3d-45a6-b372-84e989e9804f,les codes promo ne fonctionnent jamais !,1,2025-09-26 19:57:53
0e442f73-5baf-4255-b52f-04729d1ae339,top,5,2025-09-26 19:28:48
0dbc437f-53f9-4934-969b-4a979017b48e,impossible de parlé à quelqu'un. impossible de enlevé des abonnement parasites qui coûte très chère.,1,2025-09-26 19:20:29
b4c5fd6f-16c5-421e-89a1-33f1cfadf5bb,"le fouillis y en a partout, des pop ups uber one pour vous avoir, nul",1,2025-09-26 19:03:40
51896b08-8783-4af4-bc10-60d49568a1ab,on ne peut pas régler avec Uber money,1,2025-09-26 19:02:29
6a3a340c-e9cb-40d0-82dd-d2c3cb01dcce,très satisfait,5,2025-09-26 18:47:37
cd6f64d4-be2c-405a-b287-cb59cff5343c,nickel!,5,2025-09-26 18:18:00
919d8b44-3099-44ac-beff-87a6120c955e,deviens beaucoup trop chère,3,2025-09-26 18:11:58
494fd083-0c59-48f3-a9bc-542377275f93,réactive sans arrêt l'abonnement Uber one !!,1,2025-09-26 17:49:59
021ead1f-2a3d-401f-9754-7ab9d6bae952,👌,5,2025-09-26 17:09:31
8c697e10-beae-4417-9351-3c21fbd83b15,une application ou toute les livreurs ces des criss de cave qui ne lisent jamais les devis. 4 commande mal livrer dont 3 repas sauté du a l'heure incompétence,1,2025-09-26 16:41:53
542ddc6a-1301-4c40-b31f-66f7af6be880,"Livreurs peu fiables A une époque, c’etait plutôt bien. Maintenant, c'est du n'importe quoi. les livreurs ne sont pas sérieux et vos commandes n'arrivent pas. Et le service client ne sert a rien sauf dire que c'est de notre faute.... et avant n'importe quel argument. Un conseil, allez voir ailleurs,",5,2025-09-26 15:44:35
